Package,Time,Temp,Axis X,Axis Y,Axis Z,Latitude,Longitude
Package[2989],3:3:42:38,22.63,2.35,9.57,-1.96,12.979699,101.455250
Package[2991],3:3:42:40,22.50,2.51,9.61,-1.61,12.979834,101.454810
Package[2993],3:3:42:41,22.44,2.55,9.65,-1.88,12.979845,101.454770
Package[2995],3:3:42:42,22.38,2.47,9.61,-1.57,12.979845,101.454770
Package[2997],3:3:42:44,22.31,2.59,9.89,-1.80,12.979849,101.454730
Package[2999],3:3:42:45,22.25,2.47,9.53,-1.80,12.979849,101.454730
Package[3001],3:3:42:47,22.19,2.55,9.57,-2.04,12.979849,101.454730
Package[3003],3:3:42:48,22.06,2.55,9.53,-1.57,12.979849,101.454730
Package[3005],3:3:42:49,22.06,2.63,9.49,-1.88,12.979849,101.454730
Package[3007],3:3:42:51,22.00,2.39,9.49,-1.84,12.979837,101.454560
Package[3009],3:3:42:52,21.94,2.63,9.73,-1.77,12.979839,101.454510
Package[3011],3:3:42:53,21.94,2.35,9.49,-1.96,12.979839,101.454510
Package[3013],3:3:42:55,21.88,2.75,9.65,-1.92,12.979847,101.454440
Package[3015],3:3:42:56,21.88,2.39,9.53,-1.77,12.979860,101.454380
Package[3017],3:3:42:58,21.94,2.71,9.69,-1.84,12.979860,101.454380
Package[3019],3:3:42:59,21.94,2.51,9.61,-1.80,12.979860,101.454380
Package[3021],3:3:43:0,21.94,2.63,9.73,-1.73,12.979860,101.454380
Package[3023],3:3:43:2,21.94,2.43,9.65,-1.96,12.979860,101.454380
Package[3025],3:3:43:3,21.94,2.59,9.57,-1.80,12.979860,101.454380
Package[3027],3:3:43:4,21.94,2.43,9.77,-1.80,12.979860,101.454380
Package[3029],3:3:43:6,21.88,2.59,9.65,-1.53,12.979860,101.454380
Package[3031],3:3:43:7,21.88,2.47,9.49,-1.92,12.979860,101.454380
Package[3033],3:3:43:8,21.81,2.51,9.57,-1.88,12.979860,101.454380
Package[3035],3:3:43:10,21.75,2.79,9.45,-1.96,12.979860,101.454380
Package[3037],3:3:43:11,21.69,2.31,9.89,-1.73,12.979860,101.454380
Package[3039],3:3:43:12,21.69,2.47,9.49,-2.04,12.979860,101.454380
Package[3041],3:3:43:14,21.56,2.47,9.89,-1.65,12.979860,101.454380
Package[3043],3:3:43:15,21.50,2.39,9.77,-1.84,12.979860,101.454380
Package[3045],3:3:43:16,21.38,2.59,9.49,-1.80,12.979860,101.454380
Package[3047],3:3:43:18,21.38,2.39,9.89,-1.88,12.980103,101.453870
Package[3049],3:3:43:19,21.31,2.51,9.30,-2.28,12.980110,101.453830
Package[3051],3:3:43:21,21.25,2.43,9.81,-1.61,12.980110,101.453830
Package[3053],3:3:43:22,21.25,2.59,9.61,-1.84,12.980110,101.453830
Package[3055],3:3:43:23,21.19,2.55,9.61,-1.69,12.980110,101.453830
Package[3057],3:3:43:25,21.19,2.71,9.34,-1.92,12.980110,101.453830
Package[3059],3:3:43:26,21.19,2.47,9.89,-1.80,12.980110,101.453830
Package[3061],3:3:43:27,21.19,2.75,9.53,-1.88,12.980110,101.453830
Package[3063],3:3:43:29,21.19,2.20,9.77,-2.00,12.980110,101.453830
Package[3065],3:3:43:30,21.19,2.75,9.41,-2.00,12.980110,101.453830
Package[3067],3:3:43:31,21.19,2.47,9.45,-2.00,12.980110,101.453830
Package[3069],3:3:43:33,21.19,2.51,9.73,-1.49,12.980110,101.453830
Package[3071],3:3:43:34,21.13,2.55,9.57,-1.65,12.980110,101.453830
Package[3073],3:3:43:35,21.06,2.59,9.77,-1.77,12.980110,101.453830
Package[3075],3:3:43:37,21.06,2.43,9.69,-1.49,12.980110,101.453830
Package[3077],3:3:43:38,20.94,2.71,9.34,-1.73,12.980296,101.453410
Package[3079],3:3:43:39,20.88,2.55,9.81,-1.84,12.980296,101.453410
Package[3081],3:3:43:41,20.81,2.63,9.49,-2.08,12.980297,101.453380
Package[3083],3:3:43:42,20.75,2.47,9.57,-1.84,12.980297,101.453380
Package[3085],3:3:43:43,20.69,2.67,9.69,-2.00,12.980297,101.453380
Package[3087],3:3:43:45,20.63,2.59,9.65,-1.80,12.980296,101.453290
Package[3089],3:3:43:46,20.56,2.55,9.69,-1.69,12.980288,101.453250
Package[3091],3:3:43:48,20.50,2.43,9.65,-1.77,12.980288,101.453250
Package[3093],3:3:43:49,20.50,2.59,9.69,-1.61,12.980288,101.453250
Package[3095],3:3:43:50,20.50,2.43,9.34,-2.00,12.980288,101.453250
Package[3097],3:3:43:52,20.50,2.59,9.77,-1.92,12.980288,101.453250
Package[3099],3:3:43:53,20.50,2.67,9.92,-1.53,12.980288,101.453250
Package[3101],3:3:43:54,20.50,2.59,9.57,-2.04,12.980288,101.453250
Package[3103],3:3:43:56,20.44,2.24,9.41,-2.16,12.980288,101.453250
Package[3105],3:3:43:57,20.50,2.82,9.57,-1.96,12.980288,101.453250
Package[3107],3:3:43:58,20.50,2.35,9.30,-2.04,12.980288,101.453250
Package[3109],3:3:44:0,20.50,2.51,9.73,-1.53,12.980293,101.452970
Package[3111],3:3:44:1,20.44,2.43,9.41,-1.84,12.980293,101.452970
Package[3113],3:3:44:2,20.44,2.63,9.26,-1.88,12.980293,101.452970
Package[3115],3:3:44:4,20.38,2.51,9.65,-1.65,12.980287,101.452890
Package[3117],3:3:44:5,20.31,2.55,9.34,-1.69,12.980277,101.452860
Package[3119],3:3:44:7,20.19,2.43,9.65,-2.04,12.980265,101.452820
Package[3121],3:3:44:8,20.19,2.55,9.57,-2.00,12.980265,101.452820
Package[3123],3:3:44:9,20.13,2.35,9.69,-1.92,12.980265,101.452820
Package[3125],3:3:44:11,20.00,2.59,9.73,-1.88,12.980265,101.452820
Package[3127],3:3:44:12,20.00,2.31,9.65,-1.84,12.980265,101.452820
Package[3129],3:3:44:13,19.88,2.75,9.65,-1.57,12.980265,101.452820
Package[3131],3:3:44:15,19.81,2.39,9.41,-1.92,12.980265,101.452820
Package[3133],3:3:44:16,19.81,2.59,9.65,-1.80,12.980265,101.452820
Package[3135],3:3:44:17,19.75,2.51,9.61,-1.69,12.980265,101.452820
Package[3137],3:3:44:19,19.75,2.59,9.65,-1.45,12.980173,101.452610
Package[3139],3:3:44:20,19.75,2.55,9.77,-1.80,12.980173,101.452560
Package[3141],3:3:44:21,19.75,2.63,9.45,-1.80,12.980173,101.452560
Package[3143],3:3:44:23,19.81,2.55,9.53,-1.45,12.980179,101.452500
Package[3145],3:3:44:24,19.75,2.59,9.81,-2.16,12.980189,101.452450
Package[3147],3:3:44:26,19.81,2.39,9.65,-1.84,12.980189,101.452450
Package[3149],3:3:44:27,19.81,2.71,9.57,-1.77,12.980189,101.452450
Package[3151],3:3:44:28,19.81,2.39,9.85,-1.61,12.980189,101.452450
Package[3153],3:3:44:30,19.75,2.59,9.26,-1.77,12.980189,101.452450
Package[3155],3:3:44:31,19.75,2.59,9.65,-1.65,12.980189,101.452450
Package[3157],3:3:44:32,19.69,2.51,9.69,-1.96,12.980189,101.452450
Package[3159],3:3:44:34,19.63,2.55,9.65,-1.92,12.980189,101.452450
Package[3161],3:3:44:35,19.56,2.51,9.65,-1.80,12.980237,101.452180
Package[3163],3:3:44:36,19.56,2.51,9.85,-1.57,12.980237,101.452180
Package[3165],3:3:44:38,19.44,2.75,9.38,-1.77,12.980239,101.452130
Package[3167],3:3:44:39,19.44,2.39,9.65,-1.73,12.980234,101.452100
Package[3169],3:3:44:41,19.38,2.75,9.41,-1.80,12.980234,101.452100
Package[3171],3:3:44:42,19.31,2.43,9.85,-1.96,12.980222,101.452050
Package[3173],3:3:44:43,19.25,2.51,9.49,-2.16,12.980222,101.452050
Package[3175],3:3:44:45,19.25,2.71,9.73,-1.73,12.980222,101.452050
Package[3177],3:3:44:46,19.31,2.55,9.77,-1.88,12.980222,101.452050
Package[3179],3:3:44:47,19.31,2.43,9.65,-1.84,12.980222,101.452050
Package[3181],3:3:44:49,19.31,2.47,9.38,-1.69,12.980222,101.452050
Package[3183],3:3:44:50,19.31,2.55,9.41,-1.53,12.980222,101.452050
Package[3185],3:3:44:51,19.31,2.43,9.81,-1.80,12.980222,101.452050
Package[3187],3:3:44:53,19.38,2.86,9.45,-1.45,12.980222,101.452050
Package[3189],3:3:44:54,19.31,2.51,9.69,-1.61,12.980222,101.452050
Package[3191],3:3:44:55,19.25,2.71,9.45,-1.88,12.980222,101.452050
Package[3193],3:3:44:57,19.19,2.51,9.65,-1.69,12.980222,101.452050
Package[3195],3:3:44:58,19.19,2.71,9.45,-2.16,12.980222,101.452050
Package[3197],3:3:44:59,19.13,2.28,9.49,-1.57,12.980222,101.452050
Package[3199],3:3:45:1,19.06,2.51,9.61,-1.80,12.980186,101.451480
Package[3201],3:3:45:2,19.06,2.51,9.57,-2.16,12.980178,101.451440
Package[3203],3:3:45:3,18.94,2.63,9.49,-1.69,12.980178,101.451440
Package[3205],3:3:45:5,18.88,2.63,9.92,-1.73,12.980162,101.451390
Package[3207],3:3:45:6,18.81,2.51,9.61,-1.65,12.980141,101.451340
Package[3209],3:3:45:8,18.75,2.43,9.73,-2.16,12.980141,101.451340
Package[3211],3:3:45:9,18.75,2.67,9.85,-1.53,12.980141,101.451340
Package[3213],3:3:45:10,18.63,2.51,9.65,-1.96,12.980141,101.451340
Package[3215],3:3:45:12,18.56,2.43,9.65,-2.04,12.980141,101.451340
Package[3217],3:3:45:13,18.44,2.67,10.04,-1.73,12.980141,101.451340
Package[3219],3:3:45:14,18.50,2.63,9.34,-1.57,12.980141,101.451340
Package[3221],3:3:45:16,18.50,2.71,9.92,-1.61,12.980141,101.451340
Package[3223],3:3:45:17,18.44,2.63,9.69,-1.88,12.980141,101.451340
Package[3225],3:3:45:18,18.50,2.35,9.49,-1.84,12.980141,101.451340
Package[3227],3:3:45:20,18.50,2.51,9.85,-1.92,12.980141,101.451340
Package[3229],3:3:45:21,18.50,2.59,9.49,-1.92,12.980141,101.451340
Package[3231],3:3:45:22,18.50,2.47,9.61,-1.84,12.980141,101.451340
Package[3233],3:3:45:24,18.50,2.51,9.77,-2.08,12.980141,101.451340
Package[3235],3:3:45:25,18.44,2.51,9.77,-1.61,12.980141,101.451340
Package[3237],3:3:45:27,18.38,2.51,9.61,-1.92,12.980023,101.450760
Package[3239],3:3:45:28,18.38,2.39,9.53,-1.84,12.980023,101.450760
Package[3241],3:3:45:29,18.25,2.59,9.65,-1.84,12.980023,101.450760
Package[3243],3:3:45:31,18.25,2.55,9.61,-1.80,12.980023,101.450760
Package[3245],3:3:45:32,18.19,2.63,9.53,-1.96,12.980023,101.450760
Package[3247],3:3:45:33,18.13,2.47,9.53,-1.69,12.980023,101.450760
Package[3249],3:3:45:35,18.00,2.59,9.57,-1.33,12.980023,101.450760
Package[3251],3:3:45:36,18.00,2.71,9.49,-1.77,12.980023,101.450760
Package[3253],3:3:45:37,17.94,2.51,9.85,-1.65,12.980023,101.450760
Package[3255],3:3:45:39,17.88,2.47,9.57,-1.69,12.980023,101.450760
Package[3257],3:3:45:40,17.88,2.55,9.69,-1.96,12.979841,101.450390
Package[3259],3:3:45:42,17.88,2.51,9.73,-1.57,12.979813,101.450320
Package[3261],3:3:45:43,17.88,2.55,9.49,-1.84,12.979813,101.450320
Package[3263],3:3:45:44,17.94,2.39,9.69,-1.80,12.979813,101.450320
Package[3265],3:3:45:46,17.94,2.63,9.30,-1.61,12.979813,101.450320
Package[3267],3:3:45:47,17.94,2.47,9.73,-1.96,12.979813,101.450320
Package[3269],3:3:45:48,17.94,2.51,9.49,-1.92,12.979813,101.450320
Package[3271],3:3:45:50,17.88,2.51,9.41,-2.04,12.979813,101.450320
Package[3273],3:3:45:51,17.88,2.59,9.57,-1.92,12.979813,101.450320
Package[3275],3:3:45:52,17.75,2.47,9.45,-1.69,12.979813,101.450320
Package[3277],3:3:45:54,17.69,2.59,9.53,-1.73,12.979742,101.450000
Package[3279],3:3:45:55,17.63,2.59,9.41,-1.80,12.979742,101.450000
Package[3281],3:3:45:56,17.56,2.43,9.49,-1.96,12.979742,101.450000
Package[3283],3:3:45:58,17.44,2.35,9.61,-1.96,12.979700,101.449860
Package[3285],3:3:45:59,17.44,2.63,9.61,-1.69,12.979667,101.449800
Package[3287],3:3:46:1,17.31,2.51,9.45,-1.77,12.979667,101.449800
Package[3289],3:3:46:2,17.25,2.51,9.96,-1.88,12.979667,101.449800
Package[3291],3:3:46:3,17.19,2.55,9.69,-1.80,12.979667,101.449800
Package[3293],3:3:46:5,17.19,2.63,9.57,-1.88,12.979667,101.449800
Package[3295],3:3:46:6,17.25,2.47,9.85,-1.61,12.979667,101.449800
Package[3297],3:3:46:7,17.19,2.51,9.53,-1.69,12.979667,101.449800
Package[3299],3:3:46:9,17.19,2.51,9.69,-1.84,12.979667,101.449800
Package[3301],3:3:46:10,17.19,2.71,9.73,-1.80,12.979536,101.449370
Package[3303],3:3:46:12,17.19,2.39,9.77,-1.57,12.979536,101.449370
Package[3305],3:3:46:13,17.19,2.63,9.69,-1.92,12.979516,101.449290
Package[3307],3:3:46:14,17.19,2.51,9.57,-1.96,12.979516,101.449290
Package[3309],3:3:46:16,17.13,2.47,9.73,-2.00,12.979516,101.449290
Package[3311],3:3:46:17,17.06,2.51,9.53,-1.69,12.979516,101.449290
Package[3313],3:3:46:18,17.00,2.55,9.45,-1.88,12.979516,101.449290
Package[3315],3:3:46:20,17.00,2.39,9.41,-1.84,12.979516,101.449290
Package[3317],3:3:46:21,16.88,2.63,9.53,-1.69,12.979516,101.449290
Package[3319],3:3:46:22,16.81,2.51,9.61,-1.73,12.979516,101.449290
Package[3321],3:3:46:24,16.75,2.55,9.53,-2.16,12.979516,101.449290
Package[3323],3:3:46:25,16.69,2.55,9.69,-1.73,12.979516,101.449290
Package[3325],3:3:46:26,16.63,2.59,9.49,-1.57,12.979516,101.449290
Package[3327],3:3:46:28,16.56,2.43,9.57,-1.88,12.979282,101.448740
Package[3329],3:3:46:29,16.50,2.63,9.65,-2.39,12.979248,101.448660
Package[3331],3:3:46:31,16.44,2.43,9.81,-1.88,12.979248,101.448660
Package[3333],3:3:46:32,16.38,2.51,9.49,-1.80,12.979248,101.448660
Package[3335],3:3:46:33,16.31,2.55,9.65,-1.88,12.979248,101.448660
Package[3337],3:3:46:35,16.31,2.86,9.49,-1.84,12.979248,101.448660
Package[3339],3:3:46:36,16.31,2.79,9.34,-1.73,12.979248,101.448660
Package[3341],3:3:46:37,16.31,2.71,9.38,-1.92,12.979248,101.448660
Package[3343],3:3:46:39,16.31,2.59,9.81,-1.96,12.979248,101.448660
Package[3345],3:3:46:40,16.31,2.75,9.57,-2.00,12.979061,101.448180
Package[3347],3:3:46:42,16.31,2.55,9.45,-1.65,12.979061,101.448180
Package[3349],3:3:46:43,16.31,2.47,9.73,-1.73,12.979025,101.448080
Package[3351],3:3:46:44,16.31,2.51,9.53,-1.80,12.979025,101.448080
Package[3353],3:3:46:46,16.31,2.24,9.53,-1.96,12.979025,101.448080
Package[3355],3:3:46:47,16.25,2.71,9.41,-1.69,12.979025,101.448080
Package[3357],3:3:46:48,16.25,2.75,9.73,-1.61,12.979025,101.448080
Package[3359],3:3:46:50,16.25,2.51,9.26,-1.73,12.979025,101.448080
Package[3361],3:3:46:51,16.13,2.63,9.77,-1.61,12.979025,101.448080
Package[3363],3:3:46:52,16.06,2.43,9.45,-1.88,12.979025,101.448080
Package[3365],3:3:46:54,16.06,2.67,9.65,-1.84,12.979025,101.448080
Package[3367],3:3:46:55,15.94,2.51,9.61,-1.80,12.978879,101.447530
Package[3369],3:3:46:56,15.88,2.47,9.65,-1.80,12.978879,101.447530
Package[3371],3:3:46:58,15.81,2.55,9.49,-1.92,12.978864,101.447440
Package[3373],3:3:46:59,15.81,2.55,9.57,-1.88,12.978848,101.447360
Package[3375],3:3:47:1,15.69,2.75,9.65,-1.45,12.978830,101.447290
Package[3377],3:3:47:2,15.63,2.59,9.77,-1.84,12.978830,101.447290
Package[3379],3:3:47:3,15.56,2.47,9.73,-1.80,12.978830,101.447290
Package[3381],3:3:47:5,15.50,2.55,9.61,-1.92,12.978830,101.447290
Package[3383],3:3:47:6,15.44,2.71,9.61,-1.96,12.978830,101.447290
Package[3385],3:3:47:7,15.38,2.67,9.57,-1.77,12.978830,101.447290
Package[3387],3:3:47:9,15.25,2.31,9.53,-2.04,12.978830,101.447290
Package[3389],3:3:47:10,15.25,2.59,9.30,-1.96,12.978830,101.447290
Package[3391],3:3:47:12,15.13,2.47,9.69,-2.12,12.978765,101.446950
Package[3393],3:3:47:13,15.06,2.55,9.57,-1.84,12.978765,101.446950
Package[3395],3:3:47:14,14.94,2.16,9.45,-2.39,12.978765,101.446950
Package[3397],3:3:47:16,14.88,2.39,9.61,-2.08,12.978765,101.446950
Package[3399],3:3:47:17,14.88,3.02,9.53,-2.04,12.978750,101.446670
Package[3401],3:3:47:19,14.88,2.31,9.73,-1.96,12.978750,101.446670
Package[3403],3:3:47:20,14.88,2.94,9.53,-1.92,12.978745,101.446600
Package[3405],3:3:47:21,14.94,2.63,9.73,-1.84,12.978745,101.446600
Package[3407],3:3:47:23,14.94,2.51,9.57,-1.84,12.978745,101.446600
Package[3409],3:3:47:24,14.94,2.43,9.41,-1.69,12.978745,101.446600
Package[3411],3:3:47:25,14.94,2.16,9.96,-1.65,12.978745,101.446600
Package[3413],3:3:47:27,14.94,2.67,9.61,-2.04,12.978745,101.446600
Package[3415],3:3:47:28,14.94,2.51,9.69,-1.65,12.978745,101.446600
Package[3417],3:3:47:29,14.94,2.63,9.65,-2.00,12.978745,101.446600
Package[3419],3:3:47:31,14.88,2.55,9.69,-2.24,12.978754,101.446210
Package[3421],3:3:47:32,14.88,2.71,9.69,-2.00,12.978756,101.446160
Package[3423],3:3:47:34,14.81,2.67,9.49,-1.77,12.978756,101.446160
Package[3425],3:3:47:35,14.81,2.75,9.81,-1.84,12.978756,101.446160
Package[3427],3:3:47:36,14.75,2.31,9.49,-1.80,12.978756,101.446160
Package[3429],3:3:47:38,14.69,2.59,9.30,-2.00,12.978756,101.446160
Package[3431],3:3:47:39,14.63,2.59,9.49,-1.84,12.978756,101.446160
Package[3433],3:3:47:40,14.63,2.82,9.73,-1.77,12.978756,101.446160
Package[3435],3:3:47:42,14.50,2.79,9.81,-1.57,12.978759,101.445870
Package[3437],3:3:47:43,14.44,2.75,9.69,-1.92,12.978754,101.445810
Package[3439],3:3:47:45,14.38,2.47,9.81,-1.92,12.978754,101.445810
Package[3441],3:3:47:46,14.31,2.55,9.73,-1.73,12.978754,101.445810
Package[3443],3:3:47:47,14.25,2.31,9.30,-2.20,12.978754,101.445810
Package[3445],3:3:47:49,14.25,2.59,9.81,-2.00,12.978754,101.445810
Package[3447],3:3:47:50,14.25,2.75,9.26,-1.92,12.978754,101.445810
Package[3449],3:3:47:51,14.25,2.63,9.61,-1.84,12.978754,101.445810
Package[3451],3:3:47:53,14.38,2.51,9.45,-1.92,12.978754,101.445810
Package[3453],3:3:47:54,14.31,2.35,9.49,-1.80,12.978779,101.445450
Package[3455],3:3:47:55,14.38,2.55,9.65,-1.49,12.978779,101.445450
Package[3457],3:3:47:57,14.38,2.63,9.61,-1.88,12.978796,101.445390
Package[3459],3:3:47:58,14.38,2.63,9.61,-1.92,12.978812,101.445330
Package[3461],3:3:48:0,14.38,2.59,9.65,-2.16,12.978812,101.445330
Package[3463],3:3:48:1,14.44,2.43,9.65,-2.00,12.978812,101.445330
Package[3465],3:3:48:2,14.38,2.55,9.49,-1.80,12.978812,101.445330
Package[3467],3:3:48:4,14.31,2.67,9.49,-2.28,12.978812,101.445330
Package[3469],3:3:48:5,14.31,2.63,9.18,-1.80,12.978812,101.445330
Package[3471],3:3:48:6,14.25,2.47,9.77,-2.00,12.978812,101.445330
Package[3473],3:3:48:8,14.25,2.43,9.49,-2.16,12.978812,101.445330
Package[3475],3:3:48:9,14.13,2.31,9.49,-2.08,12.978812,101.445330
Package[3477],3:3:48:10,14.06,2.63,9.81,-2.00,12.978812,101.445330
Package[3479],3:3:48:12,14.00,2.43,9.73,-2.04,12.978812,101.445330
Package[3481],3:3:48:13,13.94,2.82,9.53,-1.84,12.978930,101.445040
Package[3483],3:3:48:14,13.94,2.51,9.65,-2.00,12.978930,101.445040
Package[3485],3:3:48:16,13.88,2.94,9.22,-2.08,12.978930,101.444990
Package[3487],3:3:48:17,13.81,2.51,9.45,-2.28,12.978933,101.444950
Package[3489],3:3:48:19,13.69,2.94,9.53,-1.96,12.978933,101.444950
Package[3491],3:3:48:20,13.69,2.71,9.49,-2.12,12.978933,101.444950
Package[3493],3:3:48:21,13.69,2.94,9.41,-1.53,12.978933,101.444950
Package[3495],3:3:48:23,13.69,2.39,9.41,-1.92,12.978933,101.444950
Package[3497],3:3:48:24,13.56,2.55,9.73,-1.80,12.978933,101.444950
Package[3499],3:3:48:25,13.56,2.47,9.45,-1.77,12.978933,101.444950
Package[3501],3:3:48:27,13.50,2.24,9.57,-1.80,12.978910,101.444800
Package[3503],3:3:48:28,13.44,2.63,9.85,-2.00,12.978899,101.444780
Package[3505],3:3:48:30,13.38,2.35,9.96,-1.69,12.978887,101.444740
Package[3507],3:3:48:31,13.38,2.63,9.96,-1.84,12.978887,101.444740
Package[3509],3:3:48:32,13.44,2.55,9.45,-1.45,12.978887,101.444740
Package[3511],3:3:48:34,13.44,3.06,9.53,-1.33,12.978887,101.444740
Package[3513],3:3:48:35,13.44,2.63,9.65,-1.92,12.978887,101.444740
Package[3515],3:3:48:36,13.44,2.51,9.65,-2.20,12.978887,101.444740
Package[3517],3:3:48:38,13.50,2.47,9.49,-2.00,12.978887,101.444740
Package[3519],3:3:48:39,13.50,2.31,9.96,-1.96,12.978853,101.444550
Package[3521],3:3:48:40,13.50,2.71,9.61,-2.00,12.978853,101.444550
Package[3523],3:3:48:42,13.56,2.59,9.77,-1.88,12.978845,101.444490
Package[3525],3:3:48:43,13.63,2.51,9.69,-2.20,12.978845,101.444490
Package[3527],3:3:48:45,13.63,2.55,9.65,-1.84,12.978839,101.444440
Package[3529],3:3:48:46,13.69,2.47,9.49,-1.77,12.978839,101.444440
Package[3531],3:3:48:47,13.69,2.67,9.10,-1.84,12.978839,101.444440
Package[3533],3:3:48:49,13.69,2.24,9.61,-1.88,12.978832,101.444290
Package[3535],3:3:48:50,13.69,2.55,9.61,-2.16,12.978827,101.444240
Package[3537],3:3:48:52,13.63,2.63,9.57,-2.16,12.978813,101.444200
Package[3539],3:3:48:53,13.56,2.47,9.73,-1.61,12.978813,101.444200
Package[3541],3:3:48:54,13.56,2.75,9.65,-1.92,12.978813,101.444200
Package[3543],3:3:48:56,13.50,2.51,9.77,-1.84,12.978813,101.444200
Package[3545],3:3:48:57,13.44,2.39,9.53,-1.77,12.978813,101.444200
Package[3547],3:3:48:58,13.38,2.79,9.34,-1.69,12.978813,101.444200
Package[3549],3:3:49:0,13.31,2.43,9.69,-1.84,12.978813,101.444200
Package[3551],3:3:49:1,13.25,2.82,9.34,-2.00,12.978761,101.444030
Package[3553],3:3:49:3,13.19,2.51,9.57,-2.24,12.978750,101.443980
Package[3555],3:3:49:4,13.19,2.86,9.69,-2.04,12.978750,101.443980
Package[3557],3:3:49:5,13.06,2.71,9.30,-2.08,12.978750,101.443980
Package[3559],3:3:49:7,13.06,2.43,9.41,-1.84,12.978750,101.443980
Package[3561],3:3:49:8,13.00,2.47,9.69,-1.84,12.978750,101.443980
Package[3563],3:3:49:9,12.94,2.51,9.22,-2.24,12.978750,101.443980
Package[3565],3:3:49:11,13.00,2.51,9.65,-2.00,12.978750,101.443980
Package[3567],3:3:49:12,13.00,2.59,9.69,-1.69,12.978750,101.443980
Package[3569],3:3:49:13,13.00,2.55,9.92,-1.88,12.978750,101.443980
Package[3571],3:3:49:15,13.00,2.63,9.69,-2.00,12.978665,101.443730
Package[3573],3:3:49:16,13.06,2.35,9.53,-2.00,12.978665,101.443730
Package[3575],3:3:49:17,13.06,2.51,9.85,-1.37,12.978665,101.443730
Package[3577],3:3:49:19,13.13,2.39,9.49,-2.16,12.978610,101.443650
Package[3579],3:3:49:20,13.13,2.63,9.61,-1.92,12.978584,101.443610
Package[3581],3:3:49:22,13.06,3.02,9.53,-1.45,12.978584,101.443610
Package[3583],3:3:49:23,13.06,2.67,9.81,-1.77,12.978552,101.443590
Package[3585],3:3:49:24,13.00,2.79,9.38,-1.96,12.978519,101.443560
Package[3587],3:3:49:26,12.94,2.28,9.65,-1.77,12.978519,101.443560
Package[3589],3:3:49:27,12.88,2.75,9.65,-1.92,12.978519,101.443560
Package[3591],3:3:49:28,12.88,2.47,9.69,-2.08,12.978519,101.443560
Package[3593],3:3:49:30,12.81,2.55,9.65,-2.00,12.978519,101.443560
Package[3595],3:3:49:31,12.81,2.51,9.61,-1.92,12.978381,101.443470
Package[3597],3:3:49:32,12.75,2.71,9.65,-1.92,12.978381,101.443470
Package[3599],3:3:49:34,12.69,2.28,9.77,-2.00,12.978352,101.443440
Package[3601],3:3:49:35,12.75,2.75,9.77,-1.96,12.978352,101.443440
Package[3603],3:3:49:37,12.75,2.59,9.69,-1.77,12.978327,101.443420
Package[3605],3:3:49:38,12.81,2.39,9.73,-1.37,12.978327,101.443420
Package[3607],3:3:49:39,12.88,2.43,9.49,-2.20,12.978327,101.443420
Package[3609],3:3:49:41,12.94,3.02,9.57,-1.69,12.978327,101.443420
Package[3611],3:3:49:42,12.94,2.51,9.49,-1.88,12.978327,101.443420
Package[3613],3:3:49:43,13.00,2.82,9.57,-1.96,12.978327,101.443420
Package[3615],3:3:49:45,13.00,2.31,9.45,-1.65,12.978327,101.443420
Package[3617],3:3:49:46,13.00,2.75,9.73,-2.12,12.978193,101.443230
Package[3619],3:3:49:48,13.00,2.67,9.49,-1.57,12.978193,101.443230
Package[3621],3:3:49:49,13.06,2.55,9.53,-2.16,12.978169,101.443180
Package[3623],3:3:49:50,13.06,2.20,9.81,-1.92,12.978169,101.443180
Package[3625],3:3:49:52,13.13,2.35,9.69,-2.04,12.978169,101.443180
Package[3627],3:3:49:53,13.06,2.51,9.34,-2.08,12.978169,101.443180
Package[3629],3:3:49:54,13.00,2.67,9.53,-2.08,12.978169,101.443180
Package[3631],3:3:49:56,12.94,2.63,9.81,-1.92,12.978169,101.443180
Package[3633],3:3:49:57,12.88,2.82,9.45,-2.00,12.978169,101.443180
Package[3635],3:3:49:58,12.88,2.47,9.38,-2.04,12.978169,101.443180
Package[3637],3:3:50:0,12.75,2.59,9.22,-1.92,12.978169,101.443180
Package[3639],3:3:50:1,12.69,2.43,9.73,-1.73,12.978169,101.443180
Package[3641],3:3:50:3,12.63,2.75,9.57,-1.84,12.978011,101.442920
Package[3643],3:3:50:4,12.56,2.51,9.73,-1.57,12.978011,101.442920
Package[3645],3:3:50:5,12.50,2.71,9.49,-1.61,12.978011,101.442920
Package[3647],3:3:50:7,12.56,2.55,9.81,-1.92,12.978011,101.442920
Package[3649],3:3:50:8,12.56,2.67,9.38,-1.96,12.978011,101.442920
Package[3651],3:3:50:9,12.56,2.47,9.41,-2.00,12.978011,101.442920
Package[3653],3:3:50:11,12.63,2.47,9.41,-2.16,12.978011,101.442920
Package[3655],3:3:50:12,12.63,2.94,9.26,-1.92,12.978011,101.442920
Package[3657],3:3:50:13,12.69,2.47,9.65,-1.49,12.978011,101.442920
Package[3659],3:3:50:15,12.69,2.94,9.45,-1.80,12.978011,101.442920
Package[3661],3:3:50:16,12.75,2.31,9.69,-1.69,12.978011,101.442920
Package[3663],3:3:50:17,12.81,2.75,9.89,-1.73,12.978011,101.442920
Package[3665],3:3:50:19,12.75,2.51,9.65,-1.96,12.978011,101.442920
Package[3667],3:3:50:20,12.81,2.94,9.77,-1.80,12.978011,101.442920
Package[3669],3:3:50:21,12.81,2.43,9.61,-1.73,12.978011,101.442920
Package[3671],3:3:50:23,12.75,2.47,9.18,-2.24,12.977786,101.442340
Package[3673],3:3:50:24,12.63,2.75,9.77,-1.73,12.977770,101.442310
Package[3675],3:3:50:26,12.63,2.55,9.69,-2.08,12.977770,101.442310
Package[3677],3:3:50:27,12.56,2.55,9.53,-2.08,12.977751,101.442290
Package[3679],3:3:50:28,12.56,2.63,9.45,-2.00,12.977751,101.442290
Package[3681],3:3:50:30,12.44,2.35,9.57,-2.20,12.977751,101.442290
Package[3683],3:3:50:31,12.38,3.06,9.30,-1.77,12.977751,101.442290
Package[3685],3:3:50:32,12.31,2.55,9.53,-1.92,12.977751,101.442290
Package[3687],3:3:50:34,12.25,2.71,9.30,-1.92,12.977751,101.442290
Package[3689],3:3:50:35,12.19,2.63,9.89,-1.65,12.977751,101.442290
Package[3691],3:3:50:36,12.13,2.67,9.38,-1.77,12.977751,101.442290
Package[3693],3:3:50:38,12.06,2.47,9.57,-1.80,12.977605,101.442170
Package[3695],3:3:50:39,12.06,2.39,9.53,-2.12,12.977605,101.442170
Package[3697],3:3:50:41,11.94,2.39,9.45,-2.00,12.977560,101.442150
Package[3699],3:3:50:42,11.94,2.55,9.61,-2.08,12.977560,101.442150
Package[3701],3:3:50:43,11.81,2.59,9.85,-1.73,12.977560,101.442150
Package[3703],3:3:50:45,11.81,2.55,9.57,-1.84,12.977560,101.442150
Package[3705],3:3:50:46,11.75,2.90,9.22,-2.08,12.977560,101.442150
Package[3707],3:3:50:47,11.75,2.55,9.38,-1.96,12.977560,101.442150
Package[3709],3:3:50:49,11.69,2.55,9.57,-1.77,12.977560,101.442150
Package[3711],3:3:50:50,11.63,2.59,9.57,-2.08,12.977560,101.442150
Package[3713],3:3:50:51,11.63,2.63,9.69,-1.80,12.977560,101.442150
Package[3715],3:3:50:53,11.69,2.86,9.65,-2.16,12.977560,101.442150
Package[3717],3:3:50:54,11.69,2.63,9.57,-2.00,12.977560,101.442150
Package[3719],3:3:50:55,11.69,2.51,9.61,-1.88,12.977560,101.442150
Package[3721],3:3:50:57,11.69,2.59,9.57,-1.69,12.977560,101.442150
Package[3723],3:3:50:58,11.69,2.55,9.53,-1.57,12.977560,101.442150
Package[3725],3:3:51:0,11.63,2.55,9.18,-1.88,12.977395,101.441890
Package[3727],3:3:51:1,11.69,2.39,9.57,-1.96,12.977395,101.441890
Package[3729],3:3:51:2,11.75,2.47,9.61,-2.16,12.977395,101.441890
Package[3731],3:3:51:4,11.75,3.06,9.61,-1.96,12.977395,101.441890
Package[3733],3:3:51:5,11.63,2.63,9.92,-1.96,12.977328,101.441800
Package[3735],3:3:51:6,11.63,2.90,9.26,-2.28,12.977328,101.441800
Package[3733:51:8,11.56,2.63,9.49,-2.12,12.977315,101.441760
Package[3739],3:3:51:9,11.50,2.82,9.18,-1.88,12.977294,101.441720
Package[3741],3:3:51:11,11.50,2.71,9.38,-2.31,12.977294,101.441720
Package[3743],3:3:51:12,11.31,2.67,9.38,-2.04,12.977294,101.441720
Package[3745],3:3:51:13,11.25,2.59,9.38,-2.20,12.977294,101.441720
Package[3747],3:3:51:15,11.25,2.63,9.53,-1.92,12.977294,101.441720
Package[3749],3:3:51:16,11.13,2.35,9.65,-1.96,12.977294,101.441720
Package[3751],3:3:51:17,11.06,2.51,9.61,-1.61,12.977294,101.441720
Package[3753],3:3:51:19,11.06,2.43,9.77,-1.73,12.977294,101.441720
Package[3755],3:3:51:20,11.06,2.63,9.69,-2.35,12.977294,101.441720
Package[3757],3:3:51:21,11.00,2.35,9.45,-1.80,12.977294,101.441720
Package[3759],3:3:51:23,11.06,2.82,9.96,-1.88,12.977242,101.441470
Package[3761],3:3:51:24,11.06,2.43,9.53,-2.08,12.977249,101.441410
Package[3763],3:3:51:25,11.06,2.82,9.34,-1.73,12.977249,101.441410
Package[3765],3:3:51:27,11.00,2.20,9.81,-1.92,12.977253,101.441360
Package[3767],3:3:51:28,10.94,3.02,9.49,-1.84,12.977253,101.441360
Package[3769],3:3:51:30,10.94,2.55,9.41,-2.16,12.977258,101.441320
Package[3771],3:3:51:31,10.88,2.59,9.89,-1.84,12.977262,101.441280
Package[3773],3:3:51:32,10.88,2.55,9.85,-2.04,12.977262,101.441280
Package[3775],3:3:51:34,10.81,2.35,9.41,-1.57,12.977275,101.441230
Package[3777],3:3:51:35,10.75,2.82,9.57,-1.77,12.977281,101.441180
Package[3779],3:3:51:36,10.75,2.47,9.49,-2.08,12.977281,101.441180
Package[3781],3:3:51:38,10.69,2.43,9.53,-1.80,12.977284,101.441140
Package[3783],3:3:51:39,10.56,2.47,9.65,-2.00,12.977285,101.441090
Package[3785],3:3:51:41,10.50,2.71,9.57,-1.92,12.977285,101.441090
Package[3787],3:3:51:42,10.44,2.39,9.73,-1.69,12.977285,101.441090
Package[3789],3:3:51:43,10.44,2.39,10.00,-2.08,12.977285,101.441090
Package[3791],3:3:51:45,10.44,2.55,9.73,-1.96,12.977285,101.441090
Package[3793],3:3:51:46,10.38,2.28,9.77,-1.80,12.977285,101.441090
Package[3795],3:3:51:47,10.38,2.90,9.10,-1.69,12.977285,101.441090
Package[3797],3:3:51:49,10.38,2.47,9.14,-2.16,12.977285,101.441090
Package[3799],3:3:51:50,10.38,2.71,9.77,-2.00,12.977285,101.441090
Package[3801],3:3:51:51,10.44,2.55,9.38,-2.00,12.977285,101.441090
Package[3803],3:3:51:53,10.44,2.63,9.57,-2.04,12.977327,101.440770
Package[3805],3:3:51:54,10.38,2.51,9.69,-1.96,12.977340,101.440730
Package[3807],3:3:51:56,10.31,2.55,9.45,-2.16,12.977340,101.440730
Package[3809],3:3:51:57,10.25,2.43,9.30,-1.92,12.977340,101.440730
Package[3811],3:3:51:58,10.13,2.71,9.81,-1.92,12.977340,101.440730
Package[3813],3:3:52:0,10.06,2.31,9.61,-1.84,12.977340,101.440730
Package[3815],3:3:52:1,10.00,2.67,9.26,-1.96,12.977340,101.440730
Package[3817],3:3:52:2,10.00,2.47,9.57,-2.24,12.977340,101.440730
Package[3819],3:3:52:4,9.94,2.47,9.41,-2.12,12.977401,101.440540
Package[3821],3:3:52:5,9.88,2.67,9.92,-1.77,12.977401,101.440540
Package[3823],3:3:52:6,9.81,2.47,9.49,-1.88,12.977401,101.440540
Package[3825],3:3:52:8,9.75,2.75,9.96,-1.77,12.977401,101.440540
Package[3827],3:3:52:9,9.75,2.67,9.49,-1.92,12.977433,101.440390
Package[3829],3:3:52:10,9.75,2.63,9.26,-1.96,12.977433,101.440390
Package[3831],3:3:52:12,9.75,2.55,9.57,-2.35,12.977448,101.440330
Package[3833],3:3:52:13,9.81,2.79,9.41,-2.31,12.977468,101.440260
Package[3835],3:3:52:15,9.81,2.59,9.92,-1.96,12.977468,101.440260
Package[3837],3:3:52:16,9.75,3.14,9.73,-1.84,12.977468,101.440260
Package[3839],3:3:52:17,9.69,2.24,9.41,-2.39,12.977468,101.440260
Package[3841],3:3:52:19,9.69,2.82,9.30,-2.16,12.977468,101.440260
Package[3843],3:3:52:20,9.63,2.39,9.30,-2.04,12.977468,101.440260
Package[3845],3:3:52:21,9.63,2.94,9.34,-1.57,12.977468,101.440260
Package[3847],3:3:52:23,9.56,2.71,9.85,-2.04,12.977468,101.440260
Package[3849],3:3:52:24,9.50,2.86,9.38,-2.00,12.977468,101.440260
Package[3851],3:3:52:25,9.44,2.35,9.30,-2.08,12.977468,101.440260
Package[3853],3:3:52:27,9.44,3.10,9.38,-1.88,12.977677,101.439910
Package[3855],3:3:52:28,9.31,2.59,9.57,-2.16,12.977705,101.439880
Package[3857],3:3:52:30,9.19,2.94,9.38,-2.00,12.977705,101.439880
Package[3859],3:3:52:31,9.13,2.82,9.34,-1.88,12.977705,101.439880
Package[3861],3:3:52:32,9.13,2.79,9.61,-2.04,12.977705,101.439880
Package[3863],3:3:52:34,9.06,2.90,9.61,-1.53,12.977705,101.439880
Package[3865],3:3:52:35,9.00,2.59,9.45,-2.24,12.977705,101.439880
Package[3867],3:3:52:36,8.94,2.79,9.65,-1.88,12.977705,101.439880
Package[3869],3:3:52:38,8.88,2.28,9.61,-1.73,12.977705,101.439880
Package[3871],3:3:52:39,8.81,2.67,9.49,-1.73,12.977846,101.439680
Package[3873],3:3:52:40,8.75,2.24,9.73,-2.16,12.977846,101.439680
Package[3875],3:3:52:42,8.69,2.39,9.65,-2.28,12.977876,101.439630
Package[3877],3:3:52:43,8.75,2.59,9.61,-1.92,12.977876,101.439630
Package[3879],3:3:52:45,8.75,2.79,9.34,-1.88,12.977876,101.439630
Package[3881],3:3:52:46,8.75,2.43,10.00,-1.96,12.977876,101.439630
Package[3883],3:3:52:47,8.81,2.98,9.53,-1.88,12.977876,101.439630
Package[3885],3:3:52:49,8.81,2.47,9.65,-1.61,12.977876,101.439630
Package[3887],3:3:52:50,8.81,2.71,9.38,-2.00,12.977876,101.439630
Package[3889],3:3:52:51,8.88,2.35,9.34,-2.08,12.977876,101.439630
Package[3891],3:3:52:53,8.81,2.82,9.49,-1.88,12.978032,101.439380
Package[3893],3:3:52:54,8.81,2.43,9.89,-1.61,12.978032,101.439380
Package[3895],3:3:52:56,8.75,2.82,9.53,-2.16,12.978061,101.439330
Package[3897],3:3:52:57,8.69,2.35,9.61,-2.16,12.978061,101.439330
Package[3899],3:3:52:58,8.69,2.67,9.65,-2.35,12.978061,101.439330
Package[3901],3:3:53:0,8.63,2.55,9.73,-1.92,12.978061,101.439330
Package[3903],3:3:53:1,8.63,2.55,9.34,-2.00,12.978061,101.439330
Package[3905],3:3:53:2,8.56,2.55,9.92,-2.08,12.978061,101.439330
Package[3907],3:3:53:4,8.63,2.04,9.41,-1.96,12.978061,101.439330
Package[3909],3:3:53:5,8.63,2.90,9.77,-1.10,12.978061,101.439330
Package[3911],3:3:53:6,8.56,2.43,9.77,-2.28,12.978061,101.439330
Package[3913],3:3:53:8,8.50,2.59,9.65,-2.04,12.978061,101.439330
Package[3915],3:3:53:9,8.44,2.51,9.53,-2.04,12.978061,101.439330
Package[3917],3:3:53:10,8.44,2.28,9.89,-1.84,12.978061,101.439330
Package[3919],3:3:53:12,8.38,2.47,9.22,-2.20,12.978061,101.439330
Package[3921],3:3:53:13,8.44,2.43,9.89,-1.73,12.978061,101.439330
Package[3923],3:3:53:14,8.44,2.59,9.57,-1.92,12.978061,101.439330
Package[3925],3:3:53:16,8.44,2.71,9.22,-2.08,12.978061,101.439330
Package[3927],3:3:53:17,8.44,2.51,9.69,-1.96,12.978061,101.439330
Package[3929],3:3:53:18,8.50,2.51,9.69,-2.00,12.978061,101.439330
Package[3931],3:3:53:20,8.50,2.75,9.85,-1.73,12.978061,101.439330
Package[3933],3:3:53:21,8.50,2.47,9.41,-1.92,12.978300,101.438840
Package[3935],3:3:53:23,8.50,2.39,9.69,-2.39,12.978300,101.438840
Package[3937],3:3:53:24,8.44,2.75,9.53,-1.69,12.978322,101.438800
Package[3939],3:3:53:25,8.44,2.63,9.18,-2.28,12.978322,101.438800
Package[3941],3:3:53:27,8.38,2.67,9.69,-1.77,12.978322,101.438800
Package[3943],3:3:53:28,8.31,2.82,9.81,-1.77,12.978322,101.438800
Package[3945],3:3:53:29,8.31,2.35,9.49,-1.84,12.978322,101.438800
Package[3947],3:3:53:31,8.25,2.63,9.61,-1.57,12.978322,101.438800
Package[3949],3:3:53:32,8.13,2.51,9.61,-2.04,12.978322,101.438800
Package[3951],3:3:53:33,8.13,2.51,9.81,-2.31,12.978322,101.438800
Package[3955],3:3:53:36,8.00,2.47,9.45,-1.88,12.978393,101.438610
Package[3957],3:3:53:38,8.00,2.51,9.65,-2.16,12.978393,101.438610
Package[3959],3:3:53:39,7.88,2.67,9.34,-1.77,12.978403,101.438560
Package[3961],3:3:53:40,7.81,2.47,9.85,-2.12,12.978403,101.438560
Package[3963],3:3:53:42,7.75,2.63,9.41,-1.69,12.978403,101.438560
Package[3965],3:3:53:43,7.69,2.47,9.34,-1.84,12.978403,101.438560
Package[3967],3:3:53:44,7.69,2.63,9.57,-2.04,12.978403,101.438560
Package[3969],3:3:53:46,7.63,2.67,9.26,-1.77,12.978403,101.438560
Package[3971],3:3:53:47,7.63,2.43,9.49,-1.88,12.978403,101.438560
Package[3973],3:3:53:48,7.56,2.71,9.77,-1.92,12.978403,101.438560
Package[3975],3:3:53:50,7.50,2.43,9.18,-2.12,12.978403,101.438560
Package[3977],3:3:53:51,7.50,2.43,9.18,-2.04,12.978403,101.438560
Package[3979],3:3:53:52,7.50,2.79,9.77,-2.39,12.978403,101.438560
Package[3981],3:3:53:54,7.50,2.47,9.77,-1.77,12.978403,101.438560
Package[3983],3:3:53:55,7.50,2.79,9.22,-2.16,12.978403,101.438560
Package[3985],3:3:53:57,7.50,2.31,9.92,-1.69,12.978325,101.438210
Package[3987],3:3:53:58,7.50,2.51,9.34,-2.43,12.978325,101.438210
Package[3989],3:3:53:59,7.50,2.55,9.65,-2.00,12.978325,101.438210
Package[3991],3:3:54:1,7.50,3.02,9.49,-1.57,12.978325,101.438210
Package[3993],3:3:54:2,7.50,2.59,10.00,-1.73,12.978325,101.438210
Package[3995],3:3:54:3,7.50,2.94,9.30,-2.16,12.978325,101.438210
Package[3997],3:3:54:5,7.50,2.47,9.69,-1.96,12.978325,101.438210
Package[3999],3:3:54:6,7.50,2.71,9.61,-1.57,12.978325,101.438210
Package[4001],3:3:54:7,7.44,2.75,9.49,-1.92,12.978325,101.438210
Package[4003],3:3:54:9,7.44,2.28,9.61,-2.31,12.978325,101.438210
Package[4005],3:3:54:10,7.38,2.67,9.69,-1.96,12.978325,101.438210
Package[4007],3:3:54:11,7.44,2.28,9.57,-1.96,12.978325,101.438210
Package[4009],3:3:54:13,7.38,2.55,9.30,-2.16,12.978233,101.437790
Package[4011],3:3:54:14,7.38,2.51,9.34,-1.84,12.978224,101.437740
Package[4013],3:3:54:16,7.31,2.59,9.69,-1.65,12.978204,101.437690
Package[4015],3:3:54:17,7.25,2.71,9.77,-1.77,12.978204,101.437690
Package[4017],3:3:54:18,7.25,1.96,9.26,-2.39,12.978204,101.437690
Package[4019],3:3:54:20,7.19,2.47,9.61,-2.00,12.978204,101.437690
